trailing_12m,next_month_ret,quintile,date,ticker
0.04388651455953929,-0.09030171724111169,2,2020-01-01,ISF.L
0.15818539508843532,-0.08675460355314502,3,2020-01-01,VMID.L
0.09100082561232914,-0.08769864626250734,2,2020-01-01,CUKX.L
0.04282843700799277,-0.09078428802320881,1,2020-01-01,XUKX.L
-0.010495302711607923,-0.09960470875775962,1,2020-01-01,IUKD.L
0.09331874888515612,-0.08976567246922995,3,2020-01-01,VUKE.L
-0.08964211972667302,0.09726585842993862,1,2020-01-01,XUKS.L
0.11797257354794732,-0.061703668353838004,3,2020-01-01,UKRE.L
-0.07022095489781688,-0.14652815071094838,1,2020-02-01,ISF.L
0.03338041689113869,-0.23002455098813668,3,2020-02-01,VMID.L
-0.027951979931911897,-0.13640552995391708,2,2020-02-01,CUKX.L
-0.07506650470413245,-0.12965228062674117,1,2020-02-01,XUKX.L
-0.11330442059429313,-0.26402250470192357,1,2020-02-01,IUKD.L
-0.024402083644174954,-0.1448557572894993,2,2020-02-01,VUKE.L
0.02446640521585075,0.10704273702846767,3,2020-02-01,XUKS.L
0.035321474690390264,-0.13150749408426365,3,2020-02-01,UKRE.L
-0.2235668014574771,0.04276565032237234,1,2020-03-01,ISF.L
-0.1996547225187798,0.11207229964521148,2,2020-03-01,VMID.L
-0.18698481561822122,0.0402881536819637,2,2020-03-01,CUKX.L
-0.21884985630144105,-0.031844617963709076,1,2020-03-01,XUKX.L
-0.33776965250814583,0.07034016265497489,1,2020-03-01,IUKD.L
-0.1806717637134989,0.05399113521239007,3,2020-03-01,VUKE.L
0.17073642430795033,-0.04617248667729923,3,2020-03-01,XUKS.L
-0.10704278138805035,0.0349963402321436,3,2020-03-01,UKRE.L
-0.21010777252944757,0.0292196829179987,1,2020-04-01,ISF.L
-0.14944090773157992,0.03314570952869755,3,2020-04-01,VMID.L
-0.17436049466373027,0.03113618876635038,2,2020-04-01,CUKX.L
-0.22674608644093652,0.032275964774949095,1,2020-04-01,XUKX.L
-0.29015367841448425,0.02715349681387136,1,2020-04-01,IUKD.L
-0.1691537396026228,0.02901608680873724,2,2020-04-01,VUKE.L
0.1413894969851004,-0.035829666129375104,3,2020-04-01,XUKS.L
-0.07703009820346363,0.011412889723415587,3,2020-04-01,UKRE.L
-0.16189207936616234,0.00935177199318038,1,2020-05-01,ISF.L
-0.08524474504901303,0.004690769846895204,3,2020-05-01,VMID.L
-0.12804980728002402,0.01932039497422,2,2020-05-01,VUKG.L
-0.12164642139299131,0.021888369316485967,2,2020-05-01,CUKX.L
-0.1798825679121323,0.020703675959413026,1,2020-05-01,XUKX.L
-0.22458534893761117,0.006652627697360636,1,2020-05-01,IUKD.L
-0.11878899991465641,0.012138234437509832,2,2020-05-01,VUKE.L
0.06977786422352028,-0.027227575049210584,3,2020-05-01,XUKS.L
-0.05409649379093917,0.0035308138414869017,3,2020-05-01,UKRE.L
-0.17550865732421328,-0.03898137239802213,1,2020-06-01,ISF.L
-0.09249805697849978,-0.00814865135698084,3,2020-06-01,VMID.L
-0.13726441973252212,-0.04220347502876276,2,2020-06-01,VUKG.L
-0.13710829202722008,-0.04059974686009149,2,2020-06-01,CUKX.L
-0.1970213768490766,-0.0397564328779485,1,2020-06-01,XUKX.L
-0.2272891016552937,-0.07084412752149538,1,2020-06-01,IUKD.L
-0.13156576921080476,-0.03433804858121381,2,2020-06-01,VUKE.L
0.0827227581938701,0.03832434163618226,3,2020-06-01,XUKS.L
-0.06259287497023969,0.004398106529985624,3,2020-06-01,UKRE.L
-0.22498684480261977,0.01584051365577488,1,2020-07-01,ISF.L
-0.12223113330009827,0.05553437213533963,3,2020-07-01,VMID.L
-0.19519847004898183,0.018327146761459856,2,2020-07-01,VUKG.L
-0.19070302233902758,0.013497057032677118,2,2020-07-01,CUKX.L
-0.24424792850119403,0.012251534465257619,1,2020-07-01,XUKX.L
-0.2900351932438866,0.06664184307063525,1,2020-07-01,IUKD.L
-0.19031703819051127,0.016778585892814224,2,2020-07-01,VUKE.L
0.15042262853533428,-0.015048299097501272,3,2020-07-01,XUKS.L
-0.048864387890362626,0.01843451567181953,3,2020-07-01,UKRE.L
-0.17920872164466217,-0.023898382352971703,1,2020-08-01,ISF.L
-0.06231277817862957,-0.033375112199102386,3,2020-08-01,VMID.L
-0.13875833152385775,-0.014455376729885172,2,2020-08-01,VUKG.L
-0.14223138366400412,-0.013918093521578023,2,2020-08-01,CUKX.L
-0.19927028480920284,-0.014607512826121272,1,2020-08-01,XUKX.L
-0.22152259778835814,-0.047385440961627334,1,2020-08-01,IUKD.L
-0.13934524398396153,-0.023856616269782416,2,2020-08-01,VUKE.L
0.08383856414309765,0.011368435737781901,3,2020-08-01,XUKS.L
-0.04412345085394542,-0.02515325514802369,3,2020-08-01,UKRE.L
-0.21186660768919485,-0.045229475518360096,1,2020-09-01,ISF.L
-0.11565558460406022,0.006774361074821211,3,2020-09-01,VMID.L
-0.1805301470804127,-0.046041718528589515,2,2020-09-01,VUKG.L
-0.18205980066445182,-0.04610073111291635,2,2020-09-01,CUKX.L
-0.2381417961647565,-0.04633623548372123,1,2020-09-01,XUKX.L
-0.28298710207208233,-0.03707056071719972,1,2020-09-01,IUKD.L
-0.17569983816385848,-0.03845721821043835,2,2020-09-01,VUKE.L
0.13416527785096966,0.04650883194742805,3,2020-09-01,XUKS.L
-0.10282260236261975,-0.021060417625322736,3,2020-09-01,UKRE.L
-0.2333478038460184,0.12422712300787087,1,2020-10-01,ISF.L
-0.12528948631471237,0.12362273196482687,3,2020-10-01,VMID.L
-0.20464853710752262,0.1292129069571597,2,2020-10-01,VUKG.L
-0.2056485709453746,0.1241217798594847,2,2020-10-01,CUKX.L
-0.25783891844873175,0.1296854907430609,1,2020-10-01,XUKX.L
-0.31548093584151915,0.1704939777114003,1,2020-10-01,IUKD.L
-0.20363334407073275,0.12393523799554673,2,2020-10-01,VUKE.L
0.16614748963850468,-0.11843602370173167,3,2020-10-01,XUKS.L
-0.14373814640689742,0.0572543142069446,3,2020-10-01,UKRE.L
-0.15217225550618296,0.02928325405677712,1,2020-11-01,ISF.L
-0.05453324611904775,0.059831988007096104,3,2020-11-01,VMID.L
-0.11886224736627538,0.030568077660195092,2,2020-11-01,VUKG.L
-0.12226747568780649,0.034848484848484906,2,2020-11-01,CUKX.L
-0.17576411969483496,0.029957646931174864,1,2020-11-01,XUKX.L
-0.2217018391874932,0.05787136296939277,1,2020-11-01,IUKD.L
-0.12177682327732964,0.030500098702975098,2,2020-11-01,VUKE.L
0.04612887786037456,-0.03126611753910902,3,2020-11-01,XUKS.L
-0.10639092879538603,0.014489751016608432,3,2020-11-01,UKRE.L
-0.1448168587730787,-0.009692762311341308,1,2020-12-01,ISF.L
-0.04705518842003342,-0.009958264022742691,3,2020-12-01,VMID.L
-0.11567631075361262,-0.010762112539523638,2,2020-12-01,VUKG.L
-0.11277096695623934,-0.011346998535871178,3,2020-12-01,CUKX.L
-0.17303156724391222,-0.009924519188294068,1,2020-12-01,XUKX.L
-0.21413960010880317,-7.567699695509855e-05,1,2020-12-01,IUKD.L
-0.1137013768713504,-0.004802979186494194,2,2020-12-01,VUKE.L
0.04216653424534034,0.007120565375571486,3,2020-12-01,XUKS.L
-0.11738776531258044,-0.007981697093031093,2,2020-12-01,UKRE.L
-0.12313201261257456,0.01619055171318018,1,2021-01-01,ISF.L
-0.024984515907495397,0.03768523649621258,3,2021-01-01,VMID.L
-0.09049954750133327,0.01255979215474623,3,2021-01-01,VUKG.L
-0.09156646767005805,0.015364679748241405,2,2021-01-01,CUKX.L
-0.15058507598728665,0.013030976986524445,1,2021-01-01,XUKX.L
-0.1744895013844877,0.025347563451450172,1,2021-01-01,IUKD.L
-0.09233901087175433,0.014497750661620623,2,2021-01-01,VUKE.L
0.011698642766487577,-0.013876040479205431,3,2021-01-01,XUKS.L
-0.11083543078144842,0.006268260787520408,2,2021-01-01,UKRE.L
-0.02048296586811671,0.03233368740584064,2,2021-02-01,ISF.L
0.10787218543277666,0.026895583898768116,3,2021-02-01,VMID.L
0.00934586355745326,0.04804329530876683,2,2021-02-01,VUKG.L
0.011059907834101379,0.04412032816773026,3,2021-02-01,CUKX.L
-0.05359793170677374,0.04734373108617729,1,2021-02-01,XUKX.L
-0.05992935925818377,0.06195382169233987,1,2021-02-01,IUKD.L
0.011629647424804546,0.03241548492254909,3,2021-02-01,VUKE.L
-0.09077616533677657,-0.044827139721019815,1,2021-02-01,XUKS.L
-0.04642269777214847,0.011783354928406764,2,2021-02-01,UKRE.L
0.1847941236310573,0.04033575472089157,2,2021-03-01,ISF.L
0.47753938934703233,0.05120820478156185,3,2021-03-01,VMID.L
0.22241467333180753,0.03775625217141099,3,2021-03-01,VUKG.L
0.2224119530416222,0.039462196612537026,2,2021-03-01,CUKX.L
0.13886467586503937,0.012645328730182648,1,2021-03-01,XUKX.L
0.3564431194899711,0.03060324462734476,3,2021-03-01,IUKD.L
0.22134028488300772,0.05152474772591131,2,2021-03-01,VUKE.L
-0.21550821685508148,-0.03942472898763594,1,2021-03-01,XUKS.L
0.11090612234400088,0.036913613541159185,1,2021-03-01,UKRE.L
0.18203326741299763,0.010909294329230157,1,2021-04-01,ISF.L
0.39667315647108814,0.007628124744254672,3,2021-04-01,VMID.L
0.2178207970484085,0.011966927669073257,2,2021-04-01,VUKG.L
0.22144139522954598,0.011926759616999849,3,2021-04-01,CUKX.L
0.19119928006279063,0.011705080744100593,2,2021-04-01,XUKX.L
0.30608448498389484,0.022313929822020517,3,2021-04-01,IUKD.L
0.21848229272849062,0.012011241328938604,2,2021-04-01,VUKE.L
-0.20995840791346954,-0.013145402291780184,1,2021-04-01,XUKS.L
0.11296401431366188,0.025899154982416572,1,2021-04-01,UKRE.L
0.16100424046141315,-0.009208791222325985,1,2021-05-01,ISF.L
0.36217683580915083,-0.024113087558463198,3,2021-05-01,VMID.L
0.19920052072205996,0.0033333233508834326,3,2021-05-01,VUKG.L
0.1986866978410109,-0.0019920318725099584,2,2021-05-01,CUKX.L
0.16746142014551135,0.0023413883189185025,2,2021-05-01,XUKX.L
0.2999306984449761,-0.02559936114982475,3,2021-05-01,IUKD.L
0.19834645289728114,-0.008821335802278618,2,2021-05-01,VUKE.L
-0.19137091223143676,-0.0056242857852635275,1,2021-05-01,XUKS.L
0.12890477609244355,-0.0021993788596306185,1,2021-05-01,UKRE.L
0.13965500108176454,0.0028737160556497887,1,2021-06-01,ISF.L
0.3231240759778766,0.035058078891476274,3,2021-06-01,VMID.L
0.1803922002861571,-0.0007119018451396952,3,2021-06-01,VUKG.L
0.1706747152176029,0.0013306719893546592,2,2021-06-01,CUKX.L
0.14645898534410628,-0.0014865175370110117,2,2021-06-01,XUKX.L
0.2582824185569452,0.017882088621451464,3,2021-06-01,IUKD.L
0.17353084392558715,0.011450788539527412,2,2021-06-01,VUKE.L
-0.1734129113236812,-0.001041826594195494,1,2021-06-01,XUKS.L
0.12245869409974519,0.05437172645296262,1,2021-06-01,UKRE.L
0.18929021054276451,0.018971817718758333,1,2021-07-01,ISF.L
0.38076160917700785,0.05472397043621324,3,2021-07-01,VMID.L
0.23152657808630805,0.018443755409206286,3,2021-07-01,VUKG.L
0.22183884716866253,0.020764119601328845,2,2021-07-01,CUKX.L
0.19215040136939,0.01736976598924378,2,2021-07-01,XUKX.L
0.3784373259783975,0.025000062356320685,3,2021-07-01,IUKD.L
0.22917620987350107,0.02035228947817136,2,2021-07-01,VUKE.L
-0.20475144889337216,-0.01884828123951332,1,2021-07-01,XUKS.L
0.1783063941237666,0.02650550232476978,1,2021-07-01,UKRE.L
0.19295616914382197,-0.015634067857978606,1,2021-08-01,ISF.L
0.37970150958792326,-0.05281329661593437,3,2021-08-01,VMID.L
0.23166760020222754,0.0022539618505974524,2,2021-08-01,VUKG.L
0.23059977971362766,-0.004556550040683449,2,2021-08-01,CUKX.L
0.19817825270660205,0.0013239702881806537,2,2021-08-01,XUKX.L
0.324623025302198,-0.047720042159764886,3,2021-08-01,IUKD.L
0.23349643404935083,-0.01978767859688224,3,2021-08-01,VUKE.L
-0.20781954887218046,-0.003340944885392938,1,2021-08-01,XUKS.L
0.18764434863504476,-0.04095979650156223,1,2021-08-01,UKRE.L
0.20305651605679254,0.023371879685244235,1,2021-09-01,ISF.L
0.351956628691503,0.013842233739291832,3,2021-09-01,VMID.L
0.252549811382176,0.020240394698684883,3,2021-09-01,VUKG.L
0.24228269699431348,0.02533921857119492,2,2021-09-01,CUKX.L
0.21754998209299714,0.021087085041324505,2,2021-09-01,XUKX.L
0.32415775795231205,0.020690827700399206,3,2021-09-01,IUKD.L
0.23863811732410878,0.03984784126104457,2,2021-09-01,VUKE.L
-0.21934105119133984,-0.02163646574912126,1,2021-09-01,XUKS.L
0.16838742480662638,0.025955642176994864,1,2021-09-01,UKRE.L
0.289497503992433,-0.022858811271085022,1,2021-10-01,ISF.L
0.36144778944104505,-0.024815437924945116,3,2021-10-01,VMID.L
0.3395784058536029,-0.01847055523582919,3,2021-10-01,VUKG.L
0.3353204172876305,-0.023596938775510168,2,2021-10-01,CUKX.L
0.3036298623950011,-0.021196825389945384,2,2021-10-01,XUKX.L
0.40358745182502953,-0.008457103696720925,3,2021-10-01,IUKD.L
0.3395089608035795,-0.020652623057267894,2,2021-10-01,VUKE.L
-0.2701750574051678,0.019545318961696978,1,2021-10-01,XUKS.L
0.22450219841066188,0.0299250596180618,1,2021-10-01,UKRE.L
0.12078876067582045,0.03956695233147767,1,2021-11-01,ISF.L
0.18159131936792927,0.039028176163958817,3,2021-11-01,VMID.L
0.1643824125767297,0.038952908381093554,2,2021-11-01,VUKG.L
0.1598484848484849,0.04817112998040507,2,2021-11-01,CUKX.L
0.12951530163443725,0.04456527283768619,1,2021-11-01,XUKX.L
0.18899985279605924,0.036593799675010086,3,2021-11-01,IUKD.L
0.1671887692513725,0.03863469726122282,2,2021-11-01,VUKE.L
-0.15594372740986961,-0.04445128776576379,1,2021-11-01,XUKS.L
0.19284970773237697,0.020544960485753494,3,2021-11-01,UKRE.L
0.13198670196072748,0.014237761575085717,1,2021-12-01,ISF.L
0.15839745113053283,-0.05926162754121922,2,2021-12-01,VMID.L
0.17385597345590376,0.01259694383195753,2,2021-12-01,VUKG.L
0.17478038067349932,0.0129303629848887,3,2021-12-01,CUKX.L
0.1455349282968712,0.011865769929858772,1,2021-12-01,XUKX.L
0.1650848282378119,0.039377834230078346,2,2021-12-01,IUKD.L
0.17640236572895218,0.019107063530390267,3,2021-12-01,VUKE.L
-0.16743194500653857,-0.011829531649444003,1,2021-12-01,XUKS.L
0.19996949858121504,-0.04157572827093414,3,2021-12-01,UKRE.L
0.1593408742614506,0.002465495289195152,2,2022-01-01,ISF.L
0.10071009457117541,-0.03897067284838951,1,2022-01-01,VMID.L
0.20157445068320468,0.0036069085307723903,2,2022-01-01,VUKG.L
0.20362828582006665,0.004460166102737695,3,2022-01-01,CUKX.L
0.17074668009388239,0.0040845183902027404,2,2022-01-01,XUKX.L
0.21105499447326914,-0.009577398202648135,3,2022-01-01,IUKD.L
0.2046659459332325,0.0024457233736840944,3,2022-01-01,VUKE.L
-0.1830976418103477,-0.008088651302310401,1,2022-01-01,XUKS.L
0.15933334032713642,-0.016873091699098453,1,2022-01-01,UKRE.L
0.1436823750881957,0.010657091400007035,2,2022-02-01,ISF.L
0.01939841135880238,0.003978654382755575,1,2022-02-01,VMID.L
0.19095033119331783,0.018629888341993084,3,2022-02-01,VUKG.L
0.19070191431175942,0.016077170418006492,3,2022-02-01,CUKX.L
0.1604073746450021,0.019224542706962833,2,2022-02-01,XUKX.L
0.16980454364993136,-0.0028363916574024595,2,2022-02-01,IUKD.L
0.19035475909840072,0.010826440177851948,3,2022-02-01,VUKE.L
-0.17830338463738105,-0.020141949163087203,1,2022-02-01,XUKS.L
0.13267191958730007,0.03692503769182842,1,2022-02-01,UKRE.L
0.1196677167405864,0.00681931315690143,2,2022-03-01,ISF.L
-0.0033512059422570184,-0.01426480094389282,1,2022-03-01,VMID.L
0.15752622846263553,0.005472365529974654,2,2022-03-01,VUKG.L
0.15872184389732835,0.006781193490054349,3,2022-03-01,CUKX.L
0.1292526423486311,-0.03379685122748588,2,2022-03-01,XUKX.L
0.09843431604455932,-0.01028496562832526,1,2022-03-01,IUKD.L
0.1654630149008922,0.013430253002162829,3,2022-03-01,VUKE.L
-0.15706771267208874,-0.0034952989823646696,1,2022-03-01,XUKS.L
0.16081754773841217,-0.01657321187717442,3,2022-03-01,UKRE.L
0.083595441584293,0.010205321126759648,2,2022-04-01,ISF.L
-0.06542605648356314,-0.012108056272152612,1,2022-04-01,VMID.L
0.12151637984357411,0.009739316151175181,3,2022-04-01,VUKG.L
0.12229128170670256,0.01047747343212091,3,2022-04-01,CUKX.L
0.07746259015000811,0.008094768015794562,2,2022-04-01,XUKX.L
0.05485497210147572,0.0224719630918504,1,2022-04-01,IUKD.L
0.12324078021941354,0.009735100461322643,3,2022-04-01,VUKE.L
-0.1255386097160941,-0.012026076599680247,1,2022-04-01,XUKS.L
0.10093942027668024,-0.04550663007368039,2,2022-04-01,UKRE.L
0.08284085147668008,-0.06832370601552862,2,2022-05-01,ISF.L
-0.08373134200458754,-0.09428019345331529,1,2022-05-01,VMID.L
0.11904762050278661,-0.054609874695192406,3,2022-05-01,VUKG.L
0.12068393094289509,-0.05569545252555175,3,2022-05-01,CUKX.L
0.07361761894493046,-0.06386787476525313,2,2022-05-01,XUKX.L
0.055018035692389056,-0.09391800627467028,2,2022-05-01,IUKD.L
0.12071447009594793,-0.0720855554558889,3,2022-05-01,VUKE.L
-0.12454676440963519,0.053761602354976734,1,2022-05-01,XUKS.L
0.024310598406359185,-0.06914801028059148,1,2022-05-01,UKRE.L
0.018233854460009358,0.03722780286139238,2,2022-06-01,ISF.L
-0.149611844278,0.09481748221956776,1,2022-06-01,VMID.L
0.054421841224142176,0.038559538671554705,3,2022-06-01,VUKG.L
0.060379241516966164,0.033882352941176475,3,2022-06-01,CUKX.L
0.0027002327001650617,0.037334323403134695,2,2022-06-01,XUKX.L
-0.018952977776807378,0.027121921494386747,2,2022-06-01,IUKD.L
0.04918233470387068,0.05583062351932555,3,2022-06-01,VUKE.L
-0.07226313843448018,-0.03714096555797719,1,2022-06-01,XUKS.L
-0.04441675178802795,0.06531314225614127,1,2022-06-01,UKRE.L
0.05311411272646871,-0.010730742233421964,2,2022-07-01,ISF.L
-0.10051441697454999,-0.05184567611034996,1,2022-07-01,VMID.L
0.09586000574706266,-0.011268322649964913,3,2022-07-01,VUKG.L
0.09485049833887049,-0.011986041571840356,3,2022-07-01,CUKX.L
0.041683848773414356,-0.020018946120585746,2,2022-07-01,XUKX.L
-0.010047515516331096,-0.027535521292787135,2,2022-07-01,IUKD.L
0.09521773198218075,-0.011543749814817983,3,2022-07-01,VUKE.L
-0.10578856800606617,0.013663168938268022,1,2022-07-01,XUKS.L
-0.03450048279965834,-0.06685434939597057,1,2022-07-01,UKRE.L
0.022416320573812154,-0.061326560998941404,2,2022-08-01,ISF.L
-0.19139872731890162,-0.10275960563562414,1,2022-08-01,VMID.L
0.06388938600518212,-0.05011696268333432,3,2022-08-01,VUKG.L
0.05972335231895842,-0.05036855036855037,3,2022-08-01,CUKX.L
0.0034015852019411152,-0.051332647049830316,2,2022-08-01,XUKX.L
-0.06078676272932726,-0.11311948880994482,2,2022-08-01,IUKD.L
0.06098141167015614,-0.061974514905416944,3,2022-08-01,VUKE.L
-0.07615797177534167,0.05440953061469789,1,2022-08-01,XUKS.L
-0.12231188912736823,-0.15843217469843573,1,2022-08-01,UKRE.L
-0.025042403046752093,0.028274295761417934,2,2022-09-01,ISF.L
-0.23403725771080108,0.057040893303662576,1,2022-09-01,VMID.L
0.008297816535054237,0.028610982324410283,3,2022-09-01,VUKG.L
0.010953081575935997,0.029269081500646887,3,2022-09-01,CUKX.L
-0.04936428765849399,0.0303253807437458,2,2022-09-01,XUKX.L
-0.12528883010805847,0.04807375263629732,1,2022-09-01,IUKD.L
0.015318397481091317,0.04244515532035731,3,2022-09-01,VUKE.L
-0.02262681069959427,-0.02689219685357569,2,2022-09-01,XUKS.L
-0.2298194882073865,0.029537906532806302,1,2022-09-01,UKRE.L
-0.020371913372596473,0.07031667611280312,2,2022-10-01,ISF.L
-0.20140046014802415,0.07123589284034182,1,2022-10-01,VMID.L
0.016570420981996348,0.0720053830376044,3,2022-10-01,VUKG.L
0.014827806122448939,0.07211311861743908,3,2022-10-01,CUKX.L
-0.040763401461272886,0.05801213809432859,2,2022-10-01,XUKX.L
-0.10182222332007895,0.07864151512792095,1,2022-10-01,IUKD.L
0.017854442317476682,0.06946016674367095,3,2022-10-01,VUKE.L
-0.02787722170923923,-0.06528356168388583,2,2022-10-01,XUKS.L
-0.22713029767953785,0.019471390765053664,1,2022-10-01,UKRE.L
0.07304071264226786,-0.021809330214980438,2,2022-11-01,ISF.L
-0.12274196663361969,-0.023173785465097296,1,2022-11-01,VMID.L
0.11027638482240265,-0.012694389213174562,3,2022-11-01,VUKG.L
0.11430437622468981,-0.012602579132473646,3,2022-11-01,CUKX.L
0.036862150516225434,-0.013649706377561466,2,2022-11-01,XUKX.L
-0.022924936980304733,-0.016342616703381774,2,2022-11-01,IUKD.L
0.11151038664117308,-0.016425662057117707,3,2022-11-01,VUKE.L
-0.10876042091460714,0.01885337178825308,1,2022-11-01,XUKS.L
-0.23497487225234914,-0.006189196857724233,1,2022-11-01,UKRE.L
0.009688131247409526,0.04342346182064305,2,2022-12-01,ISF.L
-0.1752594746108299,0.06159333586220628,1,2022-12-01,VMID.L
0.055083532099017285,0.04012712026232701,3,2022-12-01,VUKG.L
0.04969621436360794,0.040516473731077474,3,2022-12-01,CUKX.L
-0.020923523688127,0.040335463125768856,2,2022-12-01,XUKX.L
-0.07282187094341563,0.062396815690503926,1,2022-12-01,IUKD.L
0.05258672326278857,0.046250519176857185,3,2022-12-01,VUKE.L
-0.04971621164227458,-0.034653942632806745,2,2022-12-01,XUKS.L
-0.25501544168222046,0.03290231484372552,1,2022-12-01,UKRE.L
0.038742911355694964,0.015697071197018353,2,2023-01-01,ISF.L
-0.06930654558050342,0.000489435007335226,1,2023-01-01,VMID.L
0.08376882091446891,0.01664058081929709,3,2023-01-01,VUKG.L
0.07828360504460163,0.01775780915703895,3,2023-01-01,CUKX.L
0.006623615195584742,0.01198499180667656,2,2023-01-01,XUKX.L
-0.05228776346066821,0.005123131465270436,2,2023-01-01,IUKD.L
0.08062189450178314,0.01604836743168092,3,2023-01-01,VUKE.L
-0.07166552952920535,-0.011849765761557274,1,2023-01-01,XUKS.L
-0.19712355216021538,-0.007214028492810609,1,2023-01-01,UKRE.L
0.05245331410262577,-0.027662407863655702,2,2023-02-01,ISF.L
-0.031092036351258345,-0.04892379054546625,2,2023-02-01,VMID.L
0.097843542330047,-0.025187021462180992,3,2023-02-01,VUKG.L
0.09255856683509411,-0.02081143577885225,3,2023-02-01,CUKX.L
0.01454406707646605,-0.023510204417371616,2,2023-02-01,XUKX.L
-0.03822117024620264,-0.05459437353224117,1,2023-02-01,IUKD.L
0.09528534674607636,-0.03448793227072966,3,2023-02-01,VUKE.L
-0.07518557414255633,0.027334450813283562,1,2023-02-01,XUKS.L
-0.18923542063716803,-0.03896406502354699,1,2023-02-01,UKRE.L
0.012549093038952464,0.03278476338151726,2,2023-03-01,ISF.L
-0.08214650843956806,0.03763911523364394,1,2023-03-01,VMID.L
0.0506192148054847,0.033239614784252414,3,2023-03-01,VUKG.L
0.05289330922242308,0.03277515385716323,3,2023-03-01,CUKX.L
-0.027994433848812506,0.03280751415253724,2,2023-03-01,XUKX.L
-0.08814249792154805,0.03338843468416797,1,2023-03-01,IUKD.L
0.04618476313728892,0.04354541802498835,3,2023-03-01,VUKE.L
-0.03037616573036417,-0.02677877592108291,2,2023-03-01,XUKS.L
-0.24857258986804553,0.013713332691164926,1,2023-03-01,UKRE.L
0.03866231189730551,-0.05043990568544743,2,2023-04-01,ISF.L
-0.03381690558595174,-0.033898297934334964,2,2023-04-01,VMID.L
0.07963324503540603,-0.050941804087587084,3,2023-04-01,VUKG.L
0.08007783265978152,-0.048295454545454586,3,2023-04-01,CUKX.L
0.03900991607655979,-0.056022690805697106,2,2023-04-01,XUKX.L
-0.04790473620915303,-0.06933957394087487,1,2023-04-01,IUKD.L
0.07727326349822872,-0.05082047359494146,3,2023-04-01,VUKE.L
-0.05303156731692338,0.05891165474869009,1,2023-04-01,XUKS.L
-0.2254309182950408,-0.03267871129779221,1,2023-04-01,UKRE.L
-0.023691261350601955,0.0,2,2023-05-01,ISF.L
-0.05512830836726368,-0.02373586058597088,1,2023-05-01,VMID.L
0.014751791270214643,0.016074905425269792,3,2023-05-01,VUKG.L
0.01725670271070956,0.009537677466326944,3,2023-05-01,CUKX.L
-0.027073826863882267,0.015065027205958925,2,2023-05-01,XUKX.L
-0.13339688927111726,-0.03570381685282853,1,2023-05-01,IUKD.L
0.012667308078043726,0.004283439519231047,2,2023-05-01,VUKE.L
0.014961919840976279,-0.007412261768698913,3,2023-05-01,XUKS.L
-0.21502109295786487,-0.0496231442110211,1,2023-05-01,UKRE.L
0.04790552786746183,0.023568798855133855,2,2023-06-01,ISF.L
0.01846547046993874,0.055333962924120295,2,2023-06-01,VMID.L
0.09062259351669932,0.021185900206624586,3,2023-06-01,VUKG.L
0.08752941176470586,0.026683975191114984,3,2023-06-01,CUKX.L
0.054961480096790805,0.022036023083884304,2,2023-06-01,XUKX.L
-0.07771914929737556,0.04093095758916743,1,2023-06-01,IUKD.L
0.09601161316651141,0.03304238652029645,3,2023-06-01,VUKE.L
-0.04395951213784921,-0.016949213303061872,1,2023-06-01,XUKS.L
-0.19855595328291453,0.029562535567160264,1,2023-06-01,UKRE.L
0.0341059114632003,-0.0244877275589801,2,2023-07-01,ISF.L
-0.018264488366233733,-0.022143287341411133,2,2023-07-01,VMID.L
0.07237801346529404,-0.023373317115046977,3,2023-07-01,VUKG.L
0.0799575178273404,-0.023602135431300963,3,2023-07-01,CUKX.L
0.03940321967519922,-0.03427477897430242,2,2023-07-01,XUKX.L
-0.06531963830422305,-0.03498976642578966,1,2023-07-01,IUKD.L
0.07235614055739603,-0.02550342645430692,3,2023-07-01,VUKE.L
-0.023910749041631596,0.03269038035697336,1,2023-07-01,XUKS.L
-0.2254514357104831,-0.01825664869564425,1,2023-07-01,UKRE.L
0.019725418248249138,0.01255117282988083,2,2023-08-01,ISF.L
0.012489882626027793,-0.02454621135568935,2,2023-08-01,VMID.L
0.05924894092231181,0.024829238767447137,3,2023-08-01,VUKG.L
0.06726044226044237,0.022877697841726663,3,2023-08-01,CUKX.L
0.024282969637051233,0.02460185396407155,2,2023-08-01,XUKX.L
-0.07248425633360978,0.005636775347727774,1,2023-08-01,IUKD.L
0.05721157046464054,0.013927215331533516,3,2023-08-01,VUKE.L
-0.00558882800255156,-0.018431315297249173,1,2023-08-01,XUKS.L
-0.1851133820734715,-0.010763435037712932,1,2023-08-01,UKRE.L
0.09998229981933138,-0.03573065924747876,2,2023-09-01,ISF.L
0.10074969670893541,-0.05638443308894325,2,2023-09-01,VMID.L
0.14282416165385659,-0.03997578713826466,3,2023-09-01,VUKG.L
0.14957956015523943,-0.03812069208046143,3,2023-09-01,CUKX.L
0.10626999697023742,-0.03921304886266275,2,2023-09-01,XUKX.L
0.05171320124434975,-0.03710426151841062,1,2023-09-01,IUKD.L
0.14275742044407758,-0.026410090317956603,3,2023-09-01,VUKE.L
-0.07428486009395108,0.04968002796639559,1,2023-09-01,XUKS.L
-0.042126356883339544,-0.04403490645908159,1,2023-09-01,UKRE.L
0.031513878600666345,0.019983198028696192,2,2023-10-01,ISF.L
-0.017365784363475356,0.07330947403085686,1,2023-10-01,VMID.L
0.06662176963330646,0.021100641669567377,3,2023-10-01,VUKG.L
0.07431264728986653,0.023252412986253246,3,2023-10-01,CUKX.L
0.03160593477420992,0.008204103568004939,2,2023-10-01,XUKX.L
-0.03376059458056224,0.05869374885510825,1,2023-10-01,IUKD.L
0.06727638195673191,0.021173259097396535,3,2023-10-01,VUKE.L
-0.0014418846466859314,-0.014359076499780077,2,2023-10-01,XUKS.L
-0.11057790001516565,0.0809508135609398,1,2023-10-01,UKRE.L
-0.016994831354747775,0.03178519157571169,1,2023-11-01,ISF.L
-0.015463708601900716,0.07165551162044514,2,2023-11-01,VMID.L
0.01597267198899277,0.04174105188630772,2,2023-11-01,VUKG.L
0.025351699882766754,0.037301700728883835,3,2023-11-01,CUKX.L
-0.016958974990760156,0.03944142108256843,2,2023-11-01,XUKX.L
-0.05162966187731166,0.0391647906172643,1,2023-11-01,IUKD.L
0.019088073788591675,0.0319458661717229,3,2023-11-01,VUKE.L
0.05296077252962972,-0.03174086558952305,3,2023-11-01,XUKS.L
-0.056941125286315675,0.06789754025456896,1,2023-11-01,UKRE.L
0.036863474146059616,-0.013065633132360865,2,2023-12-01,ISF.L
0.08011407491708633,-0.008145519155903225,3,2023-12-01,VMID.L
0.07198868156141436,-0.012785046645495957,3,2023-12-01,VUKG.L
0.07717423567824278,-0.012124552218241935,3,2023-12-01,CUKX.L
0.03595402832536232,-0.013224402908072919,2,2023-12-01,XUKX.L
0.0018865110736527857,-0.015482863614798559,1,2023-12-01,IUKD.L
0.06920614379846857,-0.005967321047434027,2,2023-12-01,VUKE.L
0.0006728292887425713,0.02008911943765357,1,2023-12-01,XUKS.L
0.013362150459344857,-0.03701123775896087,1,2023-12-01,UKRE.L
-0.0192704747131488,0.003498402301225445,1,2024-01-01,ISF.L
0.009158543896835791,-0.011559829549320222,2,2024-01-01,VMID.L
0.017455689451979728,0.00280372995813738,3,2024-01-01,VUKG.L
0.02267864783910989,0.0009762900976291178,3,2024-01-01,CUKX.L
-0.017380267140846617,-0.011735122976174517,2,2024-01-01,XUKX.L
-0.07155742157971379,-0.019687681775470978,1,2024-01-01,IUKD.L
0.015842599828497672,0.004521440297504231,2,2024-01-01,VUKE.L
0.05741920991350957,0.002719222886051753,3,2024-01-01,XUKS.L
-0.05522879661625524,-0.05068152223803246,1,2024-01-01,UKRE.L
-0.031049178319336623,0.04210235371532911,2,2024-02-01,ISF.L
-0.0029951259466974856,0.03966119743183749,2,2024-02-01,VMID.L
0.0036077446636257893,0.0497270802295644,2,2024-02-01,VUKG.L
0.005815990470184218,0.048488226278389224,3,2024-02-01,CUKX.L
-0.04041208385751793,0.047612618605006096,1,2024-02-01,XUKX.L
-0.09447542505293716,0.05454270804127037,1,2024-02-01,IUKD.L
0.004318007099103793,0.04141050963527504,3,2024-02-01,VUKE.L
0.07300947942031821,-0.0385405731556665,3,2024-02-01,XUKS.L
-0.09659404305643549,0.057121104287102265,1,2024-02-01,UKRE.L
0.0384725840839768,0.025282688269845366,2,2024-03-01,ISF.L
0.08986774235276163,0.015144015522175813,3,2024-03-01,VMID.L
0.08073471598804116,0.028093052020599973,3,2024-03-01,VUKG.L
0.07700014312294257,0.028970099667774196,2,2024-03-01,CUKX.L
0.029479687508605856,0.02660234436110076,2,2024-03-01,XUKX.L
0.01005781087887514,0.016727262296979628,1,2024-03-01,IUKD.L
0.08326696534075206,0.03249724758185679,3,2024-03-01,VUKE.L
0.004205668626504178,-0.017948717948717996,1,2024-03-01,XUKS.L
-0.0062707667147466895,-0.033741597052411976,1,2024-03-01,UKRE.L
0.03092919304700814,0.021335282666760547,2,2024-04-01,ISF.L
0.06624037212682543,0.042608000944321045,2,2024-04-01,VMID.L
0.07535158029801825,0.01899831193460999,3,2024-04-01,VUKG.L
0.07303215077605318,0.02130956993413413,3,2024-04-01,CUKX.L
0.023294511500211224,0.010415397342085964,2,2024-04-01,XUKX.L
-0.00622720523244058,0.04154273145368226,1,2024-04-01,IUKD.L
0.07179825697236186,0.022893353295816654,3,2024-04-01,VUKE.L
0.013316849158496513,-0.012010486360422123,1,2024-04-01,XUKS.L
-0.052790181453525764,0.03038199737897429,1,2024-04-01,UKRE.L
0.10885489511871604,-0.024452936172997486,2,2024-05-01,ISF.L
0.15067672537204513,-0.037151614276551226,2,2024-05-01,VMID.L
0.15459879044237645,-0.010169461186369966,3,2024-05-01,VUKG.L
0.15151073898798684,-0.01049570055639859,3,2024-05-01,CUKX.L
0.09531502544055215,-0.009524141089992666,1,2024-05-01,XUKX.L
0.11217453984747605,-0.03650121259279959,2,2024-05-01,IUKD.L
0.15503472486743664,-0.025676236896014948,3,2024-05-01,VUKE.L
-0.05455151383663537,0.01708952188910473,1,2024-05-01,XUKS.L
0.008959438988789037,-0.020747776363277626,1,2024-05-01,UKRE.L
0.08174013714326223,0.02546113056128041,2,2024-06-01,ISF.L
0.1348642060938703,0.08500793499446524,3,2024-06-01,VMID.L
0.12477646751723426,0.023055241179555486,3,2024-06-01,VUKG.L
0.1286600317322948,0.024281150159744413,3,2024-06-01,CUKX.L
0.06878186276054432,0.022446487999912446,1,2024-06-01,XUKX.L
0.11125486054595246,0.05684956330815516,2,2024-06-01,IUKD.L
0.12057785219216188,0.04028824656127861,2,2024-06-01,VUKE.L
-0.03121335099689382,-0.01385761331917601,1,2024-06-01,XUKS.L
0.03961472564354218,0.012318266451744941,1,2024-06-01,UKRE.L
0.08374001361626249,0.008107951987996964,2,2024-07-01,ISF.L
0.166774416452262,-0.020842633007924216,3,2024-07-01,VMID.L
0.1268354371286371,0.007352558702028444,2,2024-07-01,VUKG.L
0.12601854453498174,0.007860262008733576,2,2024-07-01,CUKX.L
0.06921110150325172,-0.0028822475704090023,1,2024-07-01,XUKX.L
0.12824890597170246,0.0015644682532167664,3,2024-07-01,IUKD.L
0.12843769452579412,0.007842518747111615,3,2024-07-01,VUKE.L
-0.028166610351366805,-0.0005269415060620286,1,2024-07-01,XUKS.L
0.02220209116430638,-0.00031724057943427475,1,2024-07-01,UKRE.L
0.11995200519652016,-0.02595653738901227,2,2024-08-01,ISF.L
0.16832635159911424,-0.00689140731399096,3,2024-08-01,VMID.L
0.16228706497605372,-0.011274657286610035,2,2024-08-01,VUKG.L
0.16230215827338124,-0.015536023768259466,2,2024-08-01,CUKX.L
0.10396761645238262,-0.014583967100445072,1,2024-08-01,XUKX.L
0.17098656185382555,-0.015490792094489336,3,2024-08-01,IUKD.L
0.16705129517495831,-0.02320823004483774,3,2024-08-01,VUKE.L
-0.05942641785537828,0.02091392691399374,1,2024-08-01,XUKS.L
0.040880802322651455,0.012783118486537237,1,2024-08-01,UKRE.L
0.07735980004935228,-0.01365927656944732,2,2024-09-01,ISF.L
0.18947196919203146,-0.026166769604717866,3,2024-09-01,VMID.L
0.12134064210726536,-0.01740483439789009,2,2024-09-01,VUKG.L
0.11865241243494173,-0.015906947500785917,2,2024-09-01,CUKX.L
0.06174645775356091,-0.01547973220703569,1,2024-09-01,XUKX.L
0.1463851369994671,-0.0265469149737404,3,2024-09-01,IUKD.L
0.12430762583847432,-0.006988982342461925,3,2024-09-01,VUKE.L
-0.021724425133204717,0.02367016598745919,1,2024-09-01,XUKS.L
0.06565663086795914,-0.06575316331883685,1,2024-09-01,UKRE.L
0.10201973625582705,0.02575163144554704,2,2024-10-01,ISF.L
0.22756276055807878,0.021714880043454565,3,2024-10-01,VMID.L
0.14770427575294032,0.027485908461395425,3,2024-10-01,VUKG.L
0.14448669201520903,0.026386404293381016,2,2024-10-01,CUKX.L
0.08797367166401893,0.016420473505362798,1,2024-10-01,XUKX.L
0.15895429135469108,0.031449593042700785,3,2024-10-01,IUKD.L
0.14673524097903412,0.027564763378669976,2,2024-10-01,VUKE.L
-0.0459649670142821,-0.019086918616168402,1,2024-10-01,XUKS.L
0.041446328012898936,0.00029876083813684673,1,2024-10-01,UKRE.L
0.10825212075483948,-0.019169144274436167,2,2024-11-01,ISF.L
0.16855312376880383,-0.013752181522713847,3,2024-11-01,VMID.L
0.1548812353000637,-0.013197016713578313,3,2024-11-01,VUKG.L
0.14799199656995854,-0.012387177093059476,2,2024-11-01,CUKX.L
0.09684012453488244,-0.013569064884270787,1,2024-11-01,XUKX.L
0.12913005622789364,-0.02410280818810928,2,2024-11-01,IUKD.L
0.1539126353505662,-0.019496693895647343,3,2024-11-01,VUKE.L
-0.05054120456886935,0.02151549469502667,1,2024-11-01,XUKS.L
-0.03625821052957612,-0.04206861479236157,1,2024-11-01,UKRE.L
